{
    "meta": {
        "id": "qset_phase2"
    },
    "results": [
        {
            "id": 0,
            "paths": [
                {
                    "length": 3283.4499999999994,
                    "path": [
                        31,
                        152,
                        186,
                        196,
                        80,
                        14,
                        16,
                        13,
                        21,
                        4,
                        101,
                        73,
                        74,
                        127,
                        3,
                        40,
                        41,
                        47,
                        98,
                        46,
                        185,
                        24,
                        89,
                        103,
                        91,
                        54,
                        174,
                        95,
                        134,
                        149,
                        147,
                        145,
                        143,
                        141
                    ]
                },
                {
                    "length": 3289.9199999999996,
                    "path": [
                        31,
                        152,
                        186,
                        196,
                        80,
                        14,
                        16,
                        13,
                        21,
                        4,
                        101,
                        73,
                        74,
                        127,
                        3,
                        40,
                        41,
                        47,
                        94,
                        98,
                        46,
                        185,
                        24,
                        89,
                        103,
                        91,
                        54,
                        174,
                        95,
                        134,
                        149,
                        147,
                        145,
                        143,
                        141
                    ]
                },
                {
                    "length": 3305.3799999999997,
                    "path": [
                        31,
                        152,
                        186,
                        196,
                        80,
                        14,
                        16,
                        13,
                        21,
                        4,
                        101,
                        73,
                        74,
                        127,
                        3,
                        40,
                        41,
                        47,
                        94,
                        7,
                        185,
                        24,
                        89,
                        103,
                        91,
                        54,
                        174,
                        95,
                        134,
                        149,
                        147,
                        145,
                        143,
                        141
                    ]
                },
                {
                    "length": 3311.4899999999993,
                    "path": [
                        31,
                        152,
                        186,
                        196,
                        80,
                        14,
                        16,
                        13,
                        21,
                        4,
                        101,
                        73,
                        74,
                        127,
                        3,
                        40,
                        41,
                        47,
                        98,
                        94,
                        7,
                        185,
                        24,
                        89,
                        103,
                        91,
                        54,
                        174,
                        95,
                        134,
                        149,
                        147,
                        145,
                        143,
                        141
                    ]
                },
                {
                    "length": 3319.36,
                    "path": [
                        31,
                        152,
                        186,
                        196,
                        80,
                        14,
                        16,
                        13,
                        21,
                        4,
                        101,
                        73,
                        74,
                        127,
                        3,
                        40,
                        41,
                        47,
                        98,
                        46,
                        185,
                        24,
                        72,
                        89,
                        103,
                        91,
                        54,
                        174,
                        95,
                        134,
                        149,
                        147,
                        145,
                        143,
                        141
                    ]
                },
                {
                    "length": 3325.8299999999995,
                    "path": [
                        31,
                        152,
                        186,
                        196,
                        80,
                        14,
                        16,
                        13,
                        21,
                        4,
                        101,
                        73,
                        74,
                        127,
                        3,
                        40,
                        41,
                        47,
                        94,
                        98,
                        46,
                        185,
                        24,
                        72,
                        89,
                        103,
                        91,
                        54,
                        174,
                        95,
                        134,
                        149,
                        147,
                        145,
                        143,
                        141
                    ]
                },
                {
                    "length": 3341.2899999999995,