{
    "meta": {
        "id": "qset_phase1"
    },
    "results": [
        {
            "id": 1,
            "minumum_time/minimum_distance": 2781.16,
            "path": [
                374,
                373,
                369,
                1232,
                1231,
                1625,
                1491,
                320,
                1624,
                1266,
                562,
                561,
                1252,
                1303,
                368,
                1489,
                1485,
                1499,
                1501,
                1484,
                1478,
                1479,
                1196,
                1480,
                1198,
                1482,
                361,
                629,
                1544,
                1165,
                141,
                1141,
                142,
                7,
                1458,
                686,
                687,
                688,
                463,
                300,
                3,
                185,
                184,
                186,
                669
            ],
            "possible": true,
            "processing_time": 0.59304
        },
        {
            "id": 2,
            "minumum_time/minimum_distance": 830.2799999999999,
            "path": [
                874,
                872,
                413,
                411,
                410,
                407,
                302,
                1542,
                528,
                1171,
                1160,
                1168,
                1161,
                1174,
                1163,
                461,
                462
            ],
            "possible": true,
            "processing_time": 0.50257
        },
        {
            "id": 3,
            "minumum_time/minimum_distance": 122.37384775545272,
            "path": [
                529,
                139,
                2,
                668,
                1370,
                1103,
                998,
                1186,
                145,
                1391,
                293,
                1402,
                1386,
                146,
                1006,
                1091,
                1476,
                1389
            ],
            "possible": true,
            "processing_time": 0.540203
        },
        {
            "id": 4,
            "minumum_time/minimum_distance": 314.32396195585665,
            "path": [
                1149,
                1152,
                1498,
                712,
                1153,
                1147,
                1148,
                706,
                710,
                707,
                702,
                173,
                700,
                1399,
                174,
                697,
                278,
                129,
                1423,
                130,
                961,
                962,
                131,
                1398,
                815,
                816,
                956,
                817,
                818,
                819,
                814,
                966,
                123,
                124,
                125,
                820,
                1434,
                821,
                822,
                823,
                824,
                825,
                832,
                826,
                828,
                1102,
                829,
                830
            ],
            "possible": true,
            "processing_time": 0.540858
        },
        {
            "id": 5,
            "minumum_time/minimum_distance": 2190.33,
            "path": [
                1207,
                1211,
                1201,
                898,
                764,
                1202,
                848,
                350,
                1209,
                1610,
                1609,
                1043,
                316,
                1515,
                1239,
                1516,
                1240,
                1040,
                1233,
                1038,
                493,
                610,
                1253,
                317,
                555,
                429,
                430,
                431,
                432,
                1345
            ],
            "possible": true,
            "processing_time": 0.474044
        },
        {
            "id": 6,
            "nodes": [
                1115,
                431,
                494,
                433,
                610,
                1043,
                1512,
                932
            ],
            "processing_time": 0.499003
        },
        {
            "id": 7,
            "nodes": [
                592,
                1288,
                1016,
                1576
            ],
            "processing_time": 0.486159
        },
        {
            "id": 8,
            "nodes": [
                592,
                1576,
                1016,
                1288
            ],
            "processing_time": 0.004912
        },
        {
            "done": true,
            "id": 9,
            "processing_time": 0.001876
        },
        {
            "done": true,
            "id": 10,
            "processing_time": 0.004235
        }
    ]
}
