{
    "meta": {
        "id": "qset_phase1"
    },
    "results": [
        {
            "id": 1,
            "minumum_time/minimum_distance": 2777.9500000000003,
            "path": [
                137,
                134,
                131,
                129,
                127,
                123,
                140,
                141,
                599,
                575,
                654,
                70,
                151,
                152,
                153,
                154,
                158,
                414,
                848,
                48,
                49,
                50,
                865,
                51,
                645,
                836,
                462,
                465,
                237,
                370,
                342,
                276,
                277,
                339
            ],
            "possible": true,
            "processing_time": 0.816401
        },
        {
            "id": 2,
            "minumum_time/minimum_distance": 95.71276464362865,
            "path": [
                612,
                17,
                110,
                114,
                120,
                40,
                876,
                577,
                41,
                43,
                320,
                576
            ],
            "possible": true,
            "processing_time": 0.829612
        },
        {
            "id": 3,
            "minumum_time/minimum_distance": 2916.78,
            "path": [
                47,
                851,
                439,
                154,
                604,
                433,
                438,
                428,
                426,
                252,
                711,
                369,
                251,
                461,
                107,
                267,
                466,
                751,
                109,
                481,
                480,
                350,
                351,
                352,
                360,
                404,
                356,
                969,
                376,
                271,
                98,
                636,
                4,
                938,
                331,
                518,
                330,
                329,
                731,
                732,
                290,
                217,
                637,
                93
            ],
            "possible": true,
            "processing_time": 0.836798
        },
        {
            "id": 4,
            "minumum_time/minimum_distance": 192.45275997398122,
            "path": [
                216,
                2,
                103,
                102,
                104,
                502,
                373,
                334,
                341,
                105,
                338,
                406,
                106,
                233,
                231,
                802,
                694,
                235,
                243,
                693,
                464,
                463,
                51,
                645,
                646,
                52,
                849,
                414,
                847,
                640,
                186,
                178,
                177,
                179,
                164,
                81,
                188
            ],
            "possible": true,
            "processing_time": 0.815523
        },
        {
            "id": 5,
            "minumum_time/minimum_distance": 285.5289929353462,
            "path": [
                366,
                254,
                255,
                363,
                424,
                253,
                252,
                426,
                428,
                438,
                433,
                604,
                154,
                158,
                414,
                848,
                48,
                49,
                50,
                865,
                422,
                234,
                707,
                704,
                835,
                238,
                661,
                677,
                244,
                755,
                66,
                842,
                210,
                671,
                328,
                998,
                880
            ],
            "possible": true,
            "processing_time": 0.840638
        },
        {
            "id": 6,
            "nodes": [
                879,
                958,
                451
            ],
            "processing_time": 0.007857
        },
        {
            "id": 7,
            "nodes": [],
            "processing_time": 0.00403
        },
        {
            "id": 8,
            "nodes": [
                906,
                714,
                416,
                877,
                879,
                622,
                7
            ],
            "processing_time": 0.009412
        },
        {
            "done": true,
            "id": 9,
            "processing_time": 0.003496
        },
        {
            "done": true,
            "id": 10,
            "processing_time": 0.0051919999999999996
        }
    ]
}
