{
    "meta": {
        "id": "qset_phase1"
    },
    "results": [
        {
            "id": 1,
            "possible": false,
            "processing_time": 12.316641
        },
        {
            "id": 2,
            "minumum_time/minimum_distance": 556.4067735130589,
            "path": [
                10876,
                11103,
                10897,
                10546,
                10519,
                10961,
                10973,
                10731,
                10583,
                10604,
                10976,
                10628,
                10634,
                10595,
                10685,
                10717,
                11007,
                10842,
                11104,
                13503,
                11082,
                10819,
                10809,
                13295,
                11086,
                13294,
                13293,
                10982,
                10887,
                10864,
                5114,
                4568,
                4999,
                4871,
                4636,
                5105,
                5024,
                4432,
                5200,
                5037,
                4540,
                4546,
                4886,
                12541,
                4682,
                4643,
                4910,
                5053,
                4835,
                5107,
                13897,
                12775,
                11378,
                7677,
                6544,
                11617,
                6280,
                6546,
                13775,
                13644,
                5647,
                11393,
                11390,
                11391,
                11392,
                6891,
                6890,
                11376,
                6454,
                11784,
                7683,
                11785,
                11317,
                6521,
                11316,
                6520
            ],
            "possible": true,
            "processing_time": 15.973855
        },
        {
            "id": 3,
            "minumum_time/minimum_distance": 1545.6499999999999,
            "path": [
                4385,
                7239,
                3917,
                3892,
                5389,
                6066,
                4728,
                5391,
                3806,
                3801,
                6108,
                2327
            ],
            "possible": true,
            "processing_time": 14.187315
        },
        {
            "id": 4,
            "minumum_time/minimum_distance": 6069.330000000003,
            "path": [
                9928,
                10375,
                9958,
                10381,
                9746,
                10075,
                9901,
                176,
                11451,
                3065,
                3066,
                3067,
                12767,
                12547,
                4287,
                7284,
                7285,
                3026,
                3032,
                9516,
                9240,
                13038,
                9477,
                13443,
                12891,
                12769,
                9657,
                9636,
                9457,
                9603,
                9580,
                9573,
                13141,
                13140,
                9426,
                9538,
                9593,
                9644,
                9601,
                9176,
                9595,
                9438,
                9369,
                9286,
                9338,
                9624,
                9331,
                9526,
                9688,
                9462,
                9250,
                9389,
                9421,
                9549,
                9517,
                9464,
                9471,
                9604,
                9480,
                9707,
                9698,
                9136,
                13099,
                9261,
                9521,
                9130,
                9287,
                9646,
                9476
            ],
            "possible": true,
            "processing_time": 14.375451
        },
        {
            "id": 5,
            "minumum_time/minimum_distance": 1155.9684836626213,
            "path": [
                13308,
                13309,
                13304,
                13303,
                10994,
                10926,
                10689,
                10751,
                10651,
                10606,
                10821,
                10563,
                10774,
                10548,
                10654,
                10567,
                10640,
                10684,
                10917,
                11082,
                10819,
                10809,
                13295,
                11086,
                13294,
                13293,
                10982,
                10887,
                10864,
                5114,
                4568,
                4999,
                4871,
                4636,
                5105,
                5024,
                4432,
                5200,
                5037,
                4540,
                4546,
                4886,
                12541,
                4682,
                4643,
                4910,
                5053,
                4835,
                5107,
                13897,
                12775,
                11378,
                7677,
                6544,
                11617,
                6280,
                6546,
                13775,
                13644,
                5647,
                11393,
                11390,
                11391,
                11392,
                6891,
                6890,
                11376,
                6454,
                11784,
                7683,
                11785,
                11317,
                6521,
                6522,
                6518,
                2687,
                6894,
                11362,
                5695,
                11363,
                12107,
                5515,
                11364,
                11365,
                11366,
                6618,
                6685,
                6954,
                3659,
                12830,
                11937,
                12863,
                1827,
                12595,
                1829,
                5799,
                13314,
                1860,
                6430,
                2019,
                1876,
                2012,
                3722,
                2108,
                3833,
                3733,
                2755,
                2072,
                2276,
                2273,
                12554,
                2329,
                2420,
                12596,
                2510,
                3832,
                2524,
                13613,
                13612,
                4383,
                7237,
                4245,
                4246,
                4244,
                6948,
                5672,
                4634,
                4637,
                13595,
                2863,
                2869,
                4333,
                5673,
                6383,
                2876,
                2903,
                4810,
                4829,
                13637,
                13636,
                13635,
                5160,
                4628,
                5420
            ],
            "possible": true,
            "processing_time": 15.206544
        },
        {
            "id": 6,