{
    "meta": {
        "id": "qset_phase1"
    },
    "results": [
        {
            "id": 1,
            "possible": false,
            "processing_time": 4.900911
        },
        {
            "id": 2,
            "minumum_time/minimum_distance": 880.7314079627093,
            "path": [
                2673,
                2672,
                5139,
                2678,
                2675,
                2671,
                2552,
                689,
                688,
                687,
                686,
                2419,
                3060,
                685,
                5605,
                684,
                683,
                675,
                674,
                6466,
                7361,
                6440,
                6441,
                6443,
                6627,
                6890,
                6626,
                6891,
                6624,
                2039,
                6892,
                6625,
                3393,
                1898,
                3604,
                3603,
                2279,
                2007,
                335,
                2030,
                338,
                2017,
                5525,
                339,
                5864,
                6508,
                6507,
                6559,
                2465,
                6513,
                2384,
                6091,
                2473,
                2395,
                2386,
                2503,
                2504,
                2479,
                2393,
                4136,
                2392,
                6584,
                3068,
                4439,
                5666,
                5873,
                5737,
                269,
                5662,
                268,
                267,
                134,
                135,
                120,
                266,
                935,
                4151,
                936,
                7242,
                6724,
                937,
                6810,
                4013,
                279,
                967,
                278,
                280,
                281,
                962,
                4159,
                7271,
                2969,
                7272,
                2977,
                2987,
                927,
                6798,
                2979,
                2984,
                2982,
                926,
                5867,
                5840,
                3001,
                925,
                351,
                2728,
                4122,
                6037,
                6980
            ],
            "possible": true,
            "processing_time": 4.231251
        },
        {
            "id": 3,
            "minumum_time/minimum_distance": 529.511508571909,
            "path": [
                4791,
                2904,
                2161,
                5710,
                4354,
                2856,
                24,
                4797,
                2851,
                2852,
                2957,
                2956,
                483,
                7175,
                4799,
                2883,
                2846,
                486,
                485,
                484,
                488,
                476,
                480,
                4810,
                481,
                2875,
                2847,
                475,
                4821,
                2849,
                2850,
                4819,
                474,
                472,
                473,
                7378,
                2848,
                6233,
                4827,
                4828,
                470,
                4179,
                6386,
                468,
                6387,
                467,
                3287,
                6570,
                6601,
                466,
                4837,
                4840,
                3288,
                6168,
                6074,
                465,
                3298,
                3291,
                3228,
                3195,
                7210,
                7211,
                365,
                357,
                356,
                4358,
                355,
                3015
            ],
            "possible": true,
            "processing_time": 3.277105
        },
        {
            "id": 4,
            "minumum_time/minimum_distance": 623.950212829226,
            "path": [
                6159,
                4695,
                7073,
                6149,
                681,
                6141,
                4502,
                4737,
                1622,
                3992,
                3997,
                3657,
                1674,
                1672,
                1671,
                6463,
                5621,
                3484,
                6616,
                1850,
                45,
                3482,
                1440,
                3481,
                3470,
                7128,
                7025,
                7344,
                1279,
                43,
                3474,
                5173,
                3462,
                595,
                596,
                5801,
                700,
                7075,
                5029,
                6593,
                7100,
                7102,
                7103,
                5286,
                6594,
                7296
            ],
            "possible": true,
            "processing_time": 3.358517
        },
        {
            "id": 5,
            "minumum_time/minimum_distance": 1074.3571584888869,